Time,Learning rate,Train loss,Validation loss,MAE_energy,MAE_energy_grad
107.95028162002563,0.00015,706.9320776861424,75.57487015475019,18.229835563772653,4.282852641518172
215.97489070892334,0.00015,81.48890881996215,65.73202050834692,15.37984554264012,3.9919908692474526
323.9439878463745,0.00015,82.58441153781455,73.44243490647726,18.00919474945901,4.111500194859403
431.64406299591064,0.00015,91.30968135086776,91.76775420564982,19.773813540547135,4.6426194965917515
539.3260424137115,0.00015,113.69199152772478,70.26208519512691,16.709420835237808,4.170983545169144
646.961583852768,0.00015,97.13149595611158,77.90901819102264,21.79035038401722,3.8316581591460275
754.7095580101013,0.00015,89.1727500672488,102.42315506593144,28.75883803215235,4.011990304384035
862.4531297683716,0.00015,111.06245395934882,69.39742540783682,18.829124144437436,3.92905651444389
970.2643759250641,0.00015,92.93115342298046,72.19678725913535,17.377426242605374,4.02146553739385
1078.1507687568665,0.00015,90.58972603230042,83.40747676981785,24.23196638587482,3.7467686903541804
1185.9440417289734,0.00015,130.28563994749481,88.61717104328355,20.296276892337218,4.654084940419198
1293.7465031147003,0.00015,84.73228121812956,92.43601807186276,25.235003782823878,3.866087210953948
1401.3610846996307,0.00015,107.70484672779229,88.30772014320813,23.261722746066347,4.270371212227538
1509.5848002433777,0.00015,77.94624645669096,62.690662517208196,16.430439108345347,3.7599588336373135
1617.5643031597137,0.00015,94.48471196804101,76.99115555947493,21.176826816002837,3.895109690503426
1726.3423244953156,0.00015,93.33247487830224,67.0621443722654,16.26907014437978,3.951818298206885
1834.3991873264313,0.00015,87.90926330321668,72.85132418033085,20.265954544650143,3.7325455696013217
1942.459380865097,0.00015,71.45729337128427,52.86422527128795,14.494372167906906,3.5530054010009247
2050.285089492798,0.00015,85.27437309763113,59.62298896956397,16.579511828285032,3.62205669051864
2158.337228536606,0.00015,161.03449091377013,152.7143447931664,37.36942557664189,3.9925505544527735
2266.3551609516144,0.00015,91.43826962558325,70.27723952621558,20.17041276974875,3.60643333696732
2374.347940683365,0.00015,72.20026916755444,67.40550401046407,19.91787939748073,3.4977369564335303
2482.4830219745636,0.00015,74.87361228723626,52.61877156342698,15.380294978200507,3.3738338823613736
2590.5175194740295,0.00015,69.4330487148245,57.50089300695624,17.937159495900037,3.272746576056722
2698.1858031749725,0.00015,68.1744082343156,96.42227569365531,31.07417820657684,3.389252764887225
2805.7469868659973,0.00015,78.7662596486942,65.07690027766671,18.351900673061262,3.6950471587221605
2913.3920533657074,0.00015,81.75889869701838,76.05139609033675,20.33635156561598,3.959453687699234
3021.045433282852,0.00015,92.36772670010784,45.43345929678756,12.715952735716536,3.308225850884217
3128.9083647727966,0.00015,66.38345188711077,98.32530211150456,32.61687765024829,3.279187026568733
3236.895221233368,0.00015,82.25077954770515,82.53723585217442,28.101926570187672,3.373713702543783
3344.944787979126,0.00015,102.13113602425585,54.82224146733713,15.11341926889873,3.564500904244235
3452.8933250904083,0.00015,73.68692303489911,316.53711515958634,59.097733887860485,3.9229555267694587
3560.777950525284,0.00015,120.40852005547048,48.006203460758115,14.232251622950018,3.1273641431706323
3668.7705030441284,0.00015,62.12413500443576,43.364221224937424,11.270509593484928,3.3386798002861955
3776.7639977931976,0.00015,79.42560931754075,50.28960221766225,15.284891647374547,3.2970175581086045
3884.6264791488647,0.00015,67.74954127436838,186.36770977173836,48.767417104933656,3.2087938911618648
3992.7019815444946,0.00015,97.10445154555048,63.67320382783588,21.00527491461738,3.422386989420292
4100.525154590607,0.00015,70.013527861043,55.400273907804134,16.386032053946707,3.571129063144098
4208.295519590378,0.00015,65.40841981068198,52.47505354618903,16.03105381217118,3.4736040567744912
4315.878741025925,0.00015,86.85014134383887,145.92500680181016,34.73361796247522,4.24246005848462
4423.630979776382,0.00015,84.6294537019719,44.54335634469696,12.203531531365886,3.282701480204388
4531.437133312225,0.00015,76.36835539391429,89.09787016896732,29.92464061686515,3.2025044292894194
4638.976707458496,0.00015,63.532872423293945,56.736641909346524,19.479201556924536,3.0514596904606033
4746.7702124118805,0.00015,63.353788332090424,153.85888045736698,42.796252422377364,3.471600083246011
4854.507294416428,0.00015,79.43965626421524,65.50875236059471,18.894208689546176,3.2045123855487647
4962.3334171772,0.00015,61.64894350442357,44.418017871606416,14.096695430931037,2.961866767031369
5069.856822490692,0.00015,57.677443118742296,52.40527903031004,18.315864762196945,3.1827676638727147
5177.460170984268,0.00015,57.721794405448776,39.14710423670304,11.724489650592522,2.9380420007751646
5285.258201122284,0.00015,60.32486564753501,88.32971882232633,27.853787196955455,3.280820029394862
5393.039494752884,0.00015,67.89923683713768,49.20030963265393,17.153098474325656,3.072693521787766
5500.601222753525,0.00015,52.147887689442165,40.5751668528748,12.19172414242989,3.083947585318654
5608.173928022385,0.00015,92.79820250530078,41.38536224691157,14.752482440261662,2.812034545130613
5715.8225111961365,0.00015,65.86570784614888,119.19550487310994,37.2103550257575,3.1006962446691095
5823.286475896835,0.00015,78.4849932469406,45.009617101752575,15.280426072962843,3.020836287501433
5931.073347330093,0.00015,62.14589855850978,109.150784485181,34.47950207062838,3.0568660293210588
6038.831587553024,0.00015,61.32886825666897,57.68283952260876,20.042273309578306,2.986803862619139
6146.618455648422,0.00015,53.33728017231276,38.92250808989725,11.751449620640102,2.9440459628058444
6254.304882287979,0.00015,60.13428451935786,59.64902188082033,20.732562831483218,3.1297164760002545
6362.227296113968,0.00015,59.10214811933946,40.149017004878104,12.86743334133181,2.899376175473991
6470.218458652496,0.00015,60.85134087025283,73.53972918987206,23.684592457367682,3.0794747304817904
6578.100094079971,0.00015,60.83208358162999,67.27973211008235,21.609503198208888,3.4006993521143576
6685.768747091293,0.00015,67.54618289800497,41.33093132288631,12.549187402286663,3.0896710665715386
6793.674379110336,0.00015,68.03159619376186,38.04881020762153,11.239310284656932,3.033071645669297
6901.708712816238,0.00015,51.08955156492427,47.43080882986732,15.856557321288301,3.02973385099821
7009.663586616516,0.00015,53.87893131703942,56.421859259989475,20.595438138823535,2.87416605489342
7117.693753480911,0.00015,63.18933133511746,67.0220405972958,24.803265744786845,3.0416632120311218
7225.744835138321,0.00015,75.29685431234182,49.08169851206781,14.55020537640281,3.033002645626898
7333.82341170311,0.00015,64.5141849819497,59.71392877737218,21.432754028986324,3.035019932049886
7441.757395744324,0.00015,58.49869290915065,48.31461661057644,16.523176780456875,3.147215201365215
7549.602438211441,0.00015,61.63062347391715,73.78110301117886,22.74585735175355,3.299100404615756
7657.477941989899,0.00015,87.79401431271695,51.61962849048286,17.00446265764006,3.0201392854256404
7765.420863866806,0.00015,48.28360689230766,40.929261886972675,12.908427020672793,2.946870989008121
7873.326051712036,0.00015,49.66774512495116,59.72092178657267,22.95863653883187,2.791830550329129
7981.2961802482605,0.00015,58.94118494359707,41.941094075678684,14.683509520414,2.791021016176913
8089.339227676392,0.00015,57.40200679385601,74.20575204139607,27.63749625844502,2.7922111493459414
8197.441017627716,0.00015,45.54357733230438,35.66979379265683,13.330003612039615,2.65956183684351
8305.240142583847,0.00015,56.89347845473941,47.854729310968494,16.75147386463192,2.9953251344575005
8413.035779953003,0.00015,48.683910467598636,40.27680407399541,12.972728036477616,2.796263840034364
8520.646122217178,0.00015,49.00367470662879,59.886997052816284,20.04236104464215,3.023990185280266
8628.416949272156,0.00015,51.22006503806451,74.44745198861543,27.04650907449581,3.2212111849306444
8736.270015239716,0.00015,66.55650340807043,69.8017478312826,19.81234491456791,3.4849336235466635
8844.114208936691,0.00015,61.09263980879925,36.77723695461081,11.979511992409186,2.7677681633386495
8951.989963769913,0.00015,46.00285464444227,35.75662672946311,11.327930277990161,2.8271964389183966
9059.881627082825,0.00015,48.22248011364069,32.18391942048432,10.317161360849928,2.668851555291427
9167.907792806625,0.00015,52.70316689581137,44.41400070038261,14.508118401257581,2.9138428595443773
9275.761791229248,0.00015,49.26078063062369,40.80136446127626,15.153797223989795,2.781305755641999
9383.698526144028,0.00015,41.36977241075923,35.595874046036236,12.210452667735836,2.7756325671943998
9491.457979440689,0.00015,44.56448288499234,31.417951496607863,10.322568240801246,2.5789020713990123
9599.242911338806,0.00015,41.842651834995664,36.64724857362591,13.621266805837607,2.5811387608505716
9706.989865779877,0.00015,55.835176563071734,42.47200190687421,16.560823911814047,2.717825597489175
9814.490775823593,0.00015,556.4711639343112,549.4361811868372,73.95289211020466,7.80870616091668
9922.103821992874,0.00015,173.56346260728537,64.25848694780098,15.580648712134417,4.177569155126871
10029.737237930298,0.00015,65.94180028128926,50.01368585330181,13.07473489073042,3.717827841966234
10137.625445842743,0.00015,57.36147360101684,43.47777233635866,11.809898088058269,3.419237658874556
10245.393473386765,0.00015,52.46058488226755,49.81458496942876,11.555391768041478,3.818512509692319
10353.467419862747,0.00015,57.700653696516945,57.64405971415617,14.157406849314809,3.880217944955953
10461.040907144547,0.00015,56.80096346744054,43.366248254719075,11.26696160986195,3.3746356188336426
10568.818109750748,0.00015,49.37829026349485,39.64731910640382,10.290707930864437,3.211815813171615
10676.724724769592,0.00015,46.11827349561869,38.73699522572879,9.942067488969906,3.198538589704174
10784.242317438126,0.00015,49.25230283433383,52.6651228952938,17.523832985691417,3.188454864257619
10891.99258852005,0.00015,45.35825769012716,44.18858993073334,14.779117379073323,2.9988386654372445
10999.743357896805,0.00015,42.95117485350611,34.26486696352341,9.684618544782964,2.902430933501049
11107.46708202362,0.00015,42.99557367309108,38.622488922292675,12.461781228973079,2.864924706811148
11215.146312236786,0.00015,46.97104927499779,33.31191100786069,9.677700253826329,2.8374398025439453
11322.990010976791,0.00015,51.686882483027084,58.32737677055569,19.23797488788655,3.381515137004238
11430.620419025421,0.00015,47.93234035596467,36.720201864368555,10.671162713066451,2.9746073408976983
11538.273801088333,0.00015,43.13325762647806,39.24931382529924,11.756709832468724,3.054255710271963
11646.009917497635,0.00015,41.442476614622585,40.47612700094194,12.775402975937212,2.9113450760251895
11753.73823928833,0.00015,44.50732568208453,34.13643130721353,12.037245669405811,2.701358877725877
11861.42276597023,0.00015,41.62378559210274,38.54436448132546,13.141941686022216,2.8529543146424863
11969.152240276337,0.00015,51.61409372655606,40.08174575422327,15.032225319675794,2.721893608985484
12077.114687204361,0.00015,41.95249237868695,36.76315159883601,13.660843044170996,2.6387917863091794
12185.165202379227,0.00015,39.6569486249659,40.722176402212824,14.987287014420852,2.646626333929064
12293.87413406372,0.00015,46.83475814818486,35.857794148583295,12.083968789151935,2.658426661561588
12401.995830535889,0.00015,38.55110067183575,33.840947335648714,11.288925825016442,2.6631199025189107
12509.880647659302,0.00015,41.54941797415805,32.115932481867034,9.756896556399338,2.7131700832586274
12617.753876686096,0.00015,42.017208134206534,39.26908289048986,13.830220874361201,2.667147404355612
12725.563970327377,0.00015,48.966899242983224,38.64802473760391,14.747269818491056,2.638419925183438
12833.503250837326,0.00015,39.52630945291942,93.39440727250074,33.20154169547958,2.7065229641539186
12941.212333202362,0.00015,40.432261780764115,30.985668134617832,9.211388767090796,2.63260790982932
13049.270359754562,0.00015,46.393647105318315,44.201717874928065,17.116453234701535,2.7233462115722964
13156.975680112839,0.00015,44.803765255933776,37.76851242472941,11.42769839850981,2.911434535372447
13264.68819284439,0.00015,48.55935113524031,40.52126306142113,14.791254152103225,2.751664928562511
13372.360137939453,0.00015,47.54407154167381,37.84140075030454,10.882165363219597,2.9805699840022633
13480.162269353867,0.00015,48.35987580967098,35.718603875845005,10.526913655519671,2.947543754530511
13587.81949186325,0.00015,63.03705446511394,39.296234568372675,12.185224486995468,2.771244643323396
13695.658111095428,0.00015,44.99059098631004,48.9575796708476,17.552166053492485,2.5666307506593116
13803.401911973953,0.00015,47.75358656026866,34.79867735272483,12.92746924610688,2.5891378390856596
13911.398645162582,0.00015,42.13211523469452,31.701207309422553,10.82956984855194,2.6093547453140915
14019.226745128632,0.00015,38.281788658368136,39.22165933109818,14.74522582460732,2.6543145565522526
14126.931921005249,0.00015,43.89018014460424,30.138219083374345,8.85888305568918,2.617753524363697
14234.754634141922,0.00015,37.68946584887217,41.06776923851626,16.022267951876135,2.6104759296674054
14342.535405635834,0.00015,51.503090328404355,34.57344652040408,11.480877398329607,2.5948132915800626
14450.382157325745,0.00015,61.1185255031539,50.9843591811529,20.553368714853644,2.4981632269179417
14558.309614896774,0.00015,37.00181606103222,29.530637750343125,9.984904181464799,2.3791841141877943
14666.267745733261,0.00015,47.30347598180603,42.39798381467734,16.366714560790445,2.687270730078755
14774.219163894653,0.00015,41.020320488684796,34.83286480819042,13.907251047326175,2.461133191692585
14882.021469593048,0.00015,38.471815935034186,32.1425695330816,11.015612301190941,2.479986089151939
14989.811446666718,0.00015,43.076470547355505,42.79856357406645,16.037637465277037,2.741708541431093
15097.519447803497,0.00015,47.392693521079416,33.56019070199258,10.891217803360425,2.687253626121765
15205.489634275436,0.00015,42.52387431215459,44.58372427809002,17.40809964947838,2.637959500026265
15313.425265550613,0.00015,50.99940129562857,34.66412087494802,11.171079869021314,2.7877217992287107
15421.392857074738,0.00015,44.63037475888462,35.467109639705264,12.331879560034999,2.67330929883179
15529.497569799423,0.00015,55.47454471996033,36.561223855931765,14.70034804310728,2.56063202641328
15637.513914585114,0.00015,45.88182897858801,33.08219174086587,11.234499228901912,2.604939431858443
15745.380039691925,0.00015,42.200490350313245,44.22750830609185,15.426284127001269,2.8205176053154335
15853.186234235764,0.00015,41.88834371585893,102.00137724676614,32.294687343963126,2.931357308335945
15961.177249670029,0.00015,50.356405002180146,32.849345715820874,11.207052871573278,2.5915097137444554
16068.865748167038,0.00015,38.074382982532335,61.64884318334667,23.22208145272425,2.568780107246622
16176.598049640656,0.00015,37.65114565292906,31.77296036659759,11.74369311611446,2.3734688976986202
16284.683381080627,0.00015,37.61277124732501,33.80968495075223,12.119682392289837,2.6147066676211175
16392.551337957382,0.00015,34.72725958005175,30.004360508277305,10.436024616030354,2.4605573194303787
16500.388587236404,0.00015,39.481076100112126,78.75237456740533,28.754080162137537,2.657396230173224
16608.34960460663,0.00015,39.757033039822986,73.69940687079145,24.079222708127503,2.827187663326788
16716.3842420578,0.00015,39.348582609588355,33.35881934806873,12.094183139102308,2.5202029210556307
16824.18464565277,0.00015,43.39782565026167,29.364191656527897,8.927789160356053,2.5794868404125713
16932.137873888016,0.00015,39.29837211571496,37.85162270265067,12.807864444105308,2.6679268862867236
17040.11082983017,0.00015,39.64509191277246,44.76755496086142,15.07543173453256,3.0721577246217153
17147.943664073944,0.00015,41.86100649775256,45.71076083506378,15.340939864458187,2.4095528973552884
17256.007273197174,0.00015,67.52874582162757,69.70190357531261,15.978350082599643,4.27090512782018
17363.825510263443,0.00015,68.31947782231376,40.42783938450608,12.33394047773544,3.0196285150853357
17471.785633325577,0.00015,48.50924038563042,39.734752711688024,13.152177505909421,2.8041808358526272
17579.70013308525,0.00015,40.461426656106504,33.96587613230126,11.69323327591525,2.587388690975071
17687.599008321762,0.00015,42.564858565539765,34.30279158704111,10.404010850009932,2.8040040594695905
17795.493443489075,0.00015,42.395296439266225,42.81479120930374,16.486327991203137,2.643751587336539
17903.449892044067,0.00015,38.018266046464134,46.70145170511975,15.21571931073374,2.8320900236995596
18011.389056682587,0.00015,35.821637052288295,30.36689857823186,10.010062998937427,2.4257876385144237
18119.27907180786,0.00015,36.259603506314726,28.176888144248633,9.301954386853094,2.437929847718652
18227.12322974205,0.00015,33.56171039420689,33.19581111326586,10.603621773485644,2.61157097344626
18334.9333255291,0.00015,37.952893211889915,37.76013192108748,15.66610144230879,2.4611871886476617
18442.911460638046,0.00015,35.9488041801903,41.2219615894136,16.44655705167275,2.318812280770509
18550.70505642891,0.00015,38.39367726917229,34.49171771329205,12.784768988355843,2.469676669147742
18658.50133728981,0.00015,38.14145638135951,36.39164151213755,13.24724976977425,2.4574828615772364
18766.46167421341,0.00015,34.37364543150836,31.104935297228227,11.477019570901444,2.381137958375917
18874.39125943184,0.00015,36.391199240681324,102.53213313107013,33.411836774295324,2.7386134423895814
18982.127326965332,0.00015,34.41323043626092,41.21023138633735,16.753602424080448,2.567144508839189
19090.013083934784,0.00015,42.92261478528596,54.38498604741802,20.091044184386682,2.821362328171194
19197.991970062256,0.00015,43.02277559351353,44.67577121482191,17.352675853440843,2.559861935657368
19306.044105529785,0.00015,40.119926175181014,34.52943818348687,14.430502073149707,2.452988029053547
19413.9374461174,0.00015,36.375671481894976,56.555839063720114,22.051748845136824,2.362978647640196
19521.859775543213,0.00015,38.876253032025744,28.27590371775459,8.904865669256434,2.4767541761536185
19629.872427225113,0.00015,33.357931285160475,28.05791650973314,9.309926277570955,2.261682667131791
19737.772479057312,0.00015,32.95951517601804,45.31808682968179,17.948178901583166,2.382352728702537
19845.72222518921,0.00015,37.03711452173958,35.67185747399844,12.153528336891418,2.586063197046683
19953.571912527084,0.00015,42.68402865395617,45.22304914995046,16.450829578022052,2.6332358338715243
20061.431672811508,0.00015,36.10281746571779,46.822938008966325,16.48465637183245,2.7067110314163565
20169.40917491913,0.00015,37.69000289519292,48.292281077674154,15.481642089035022,2.6938786840804427
20277.35208916664,0.00015,35.43468103729608,26.940040589566042,8.174441943387919,2.2834819236431105
20385.388167142868,0.00015,33.42839662352605,30.90220254290528,10.09674062453855,2.6393021635278453
20493.086072444916,0.00015,39.18300843403477,26.809685227570583,8.910119988076499,2.2764843885434147
20600.85575890541,0.00015,38.154104411243516,35.7816844675994,10.914122771027492,2.6458229130197872
20708.676283597946,0.00015,44.639870447102304,47.64585470669637,17.807492230148494,2.568371489823217
20816.240896224976,0.00015,271.4080052944089,154.3987853768206,36.63085414205597,4.945020421558274
20923.810822963715,0.00015,84.16283996133343,52.11494385764114,17.168452214562883,3.376197992436114
21031.394407510757,0.00015,61.05943127872418,38.379029322848226,9.94945772011951,3.160522738367412
21139.15246987343,0.00015,41.58271214754339,36.674254518730635,11.781500096072095,2.8353830367508572
21247.02913403511,0.00015,36.00360012840497,45.31387117284256,12.993865101577152,3.3137591280312013
21354.95553803444,0.00015,41.19928924244426,32.831819532682935,10.028905114807937,2.80086132766914
21462.50538635254,0.00015,36.905984142623836,30.849284014034215,8.671178735984274,2.7127789721231426
21570.05447793007,0.00015,31.92395092103125,28.486037967019357,8.44022548672564,2.5551930106835887
21677.843384742737,0.00015,33.74770394272357,42.07263053667192,15.830736075540306,2.57197770311452
21785.61897277832,0.00015,31.948323152728644,32.054940180228506,12.220369842957448,2.5096176811824997
21893.153790712357,0.00015,31.458830322500166,28.200965223512842,8.744350611745428,2.4325635931636445
22000.9836332798,0.00015,28.389107839916193,28.157542805565523,8.975357213247037,2.4095293392676718
22108.584285736084,0.00015,34.48683889630803,40.85281457689745,16.946667264609808,2.5135381503288676
22216.379977703094,0.00015,31.661720018393215,26.843266709223798,7.327678252269956,2.4289802330174584
22324.1108212471,0.00015,28.910754234601193,29.397120146581834,8.488148770291454,2.4605668121955775
22431.90038728714,0.00015,30.29485699540391,29.646997237693174,10.461071620950081,2.346656096748177
22539.54900956154,0.00015,30.036708900195023,32.647794322474866,11.850276530764573,2.343184141979134
22647.399586200714,0.00015,28.99008793022511,34.90194934281945,15.13832142533312,2.2670605925933773
22755.1452126503,0.00015,32.64106859898455,28.00515039575472,8.240285767862225,2.4297191929139768
22862.830080270767,0.00015,30.2019354619914,27.0763201018953,9.772853845371833,2.247784736828926
22970.503843069077,0.00015,34.41925164824155,28.630413109515516,9.277947973666112,2.3075237287300356
23078.23862838745,0.00015,30.93642409603589,28.866934824681913,9.993961625608353,2.2493909417674014
23185.940175533295,0.00015,32.29993039490412,33.393014022395896,11.8631747625623,2.5044679304559234
23293.673860311508,0.00015,36.99440059632123,39.263252526863155,15.06792230226988,2.4077858220633703
23401.436855077744,0.00015,33.37086630770453,36.19056259900147,13.823947698365686,2.437947491714262
23509.204311847687,0.00015,34.32819245870195,37.254480087980035,12.721630209419565,2.619752328601636
23617.077471733093,0.00015,34.12281346082103,35.374771544723345,14.823651228300408,2.356305621215119
23724.78677034378,0.00015,32.25253955928593,63.406222156767804,20.44162516248291,2.317266584907496
23832.600165367126,0.00015,36.63604115940569,38.92354038424258,15.987620361875205,2.2704839874868195
23940.325927495956,0.00015,30.750878120323787,28.340116149192653,10.712290403346763,2.307000410154224
24048.07359790802,0.00015,28.870026499849565,26.151271425939456,8.260757181668598,2.208411941113183
24155.89293551445,0.00015,31.38620140898278,24.20150083484726,7.0218321071039025,2.1172228987905104
24263.850519180298,0.00015,40.12335939400975,47.53923195737941,19.122722037026218,2.1811019543910475
24371.676414728165,0.00015,33.686261656555736,30.64483568654673,12.034631888195582,2.20713731499523
24479.52810716629,0.00015,32.2895536216656,32.50811388094152,12.5328745585536,2.3431851034867446
24587.33286333084,0.00015,33.128144032016685,39.34118172741106,14.992830602061627,2.270612570495286
24695.09354877472,0.00015,31.93791826681136,70.14964878995183,20.884674140650688,2.624473362050115
24802.85079741478,0.00015,50.09959041538523,28.55126978799498,9.473454669408286,2.4039103984405576
24910.380234718323,0.00015,37.89005418736251,70.27025507577464,27.199184423671138,2.364879139523661
25018.197197437286,0.00015,38.31365226971649,31.876611947588366,11.182836468667604,2.192267216895138
25125.811026334763,0.00015,39.06999594980955,34.62685398647133,11.128768424363408,2.6574296722770407
25233.53233075142,0.00015,36.43120655914701,61.39285826906307,23.751159629316323,2.3698958145463784
25341.1702337265,0.00015,29.020277642385814,28.767568739913365,11.22721205999028,2.1748177436855016
25448.756759881973,0.00015,28.853188362385016,29.340288947062753,9.890318958999027,2.330244851455691
25556.57252573967,0.00015,51.83032589591832,31.527182781959716,10.66041888729818,2.4315660070018796
25664.252432346344,0.00015,31.365305918206825,25.10545191725845,7.837698680018413,2.180566182406654
25771.88287138939,0.00015,33.20858349697073,27.272606501219233,9.030621538288596,2.2180250923314375
25879.56606245041,0.00015,29.923734105119305,28.089809545827297,9.247660151516564,2.2825228933321635
25987.40078163147,0.00015,39.296193463416216,37.09677848720947,14.175379232048337,2.3755766087177514
26095.19538617134,0.00015,28.340403921170232,37.11035594885685,15.395404536187044,2.257366931732644
26202.90750026703,0.00015,35.26617327626603,29.11708402956082,10.385619953657999,2.2329681742120604
26310.581828832626,0.00015,33.5941605974768,33.562708995863446,12.769797443321508,2.386408569832088
26418.28443288803,0.00015,32.87729445160245,33.77450706747852,12.491314659802503,2.3333655008136227
26525.98242855072,0.00015,32.243504178579784,30.305215940255035,11.134213136121433,2.203221011758295
26633.71370100975,0.00015,37.6179899881507,28.417618674443027,9.462546318095825,2.2964168978866555
26741.25324344635,0.00015,36.89791610464537,42.3346559602941,19.009903932305303,2.2078568068808035
26848.922831773758,0.00015,32.92299646151095,83.39215066144466,29.213627485957634,2.7318751141721935
26956.763280153275,0.00015,68.51836938278052,73.04316233679386,23.020027000088294,3.61067111686348
27064.40582561493,0.00015,46.54421971746637,33.18223656827491,11.42093876982144,2.529418826167289
27172.091534614563,0.00015,32.84134888558697,28.4045763337083,11.06067323573195,2.3331776209027124
27279.78870677948,0.00015,30.61241324385016,27.439547466746777,10.291420836236824,2.291233575838388
27387.43185043335,0.00015,31.744936707025648,26.868800299735636,7.9767571625445655,2.377034743498756
27495.041041612625,0.00015,31.03458832196707,34.66179957872645,13.870892046767107,2.2681355170916904
27602.573580265045,0.00015,29.737281225709665,33.786371788493064,14.122983345275546,2.2544777187818275
27710.18345451355,0.00015,26.371301247351788,26.271900556912215,8.109254282522462,2.2376053800829396
27817.890578508377,0.00015,30.747584697955382,31.587521905861546,11.866797077776582,2.336192050721988
27925.383870363235,0.00015,28.15986263770573,27.679264837489438,10.379972958880668,2.1725698583253616
28033.108370304108,0.00015,28.946748398279237,52.464101700458066,23.43691028586051,2.2133592386564365
28140.943152189255,0.00015,25.827141970190233,27.75371758890013,9.411075502843106,2.171331640278731
28248.689249753952,0.00015,33.585944634818055,47.651503835293845,18.687700751788526,2.628988792881409
28356.365143299103,0.00015,32.358496599033806,25.1042251832705,8.359201518985692,2.1384682312279364
28463.996037244797,0.00015,27.397870700060324,34.13140399148381,12.173338330358801,2.476267511997681
28571.73304080963,0.00015,31.960109022365273,78.37702552541147,27.74484652833649,2.3228773326307013
28679.392017364502,0.00015,35.59488326421318,33.592316675338594,12.117108295229572,2.40252993597682
28787.114191055298,0.00015,32.28464021510657,33.183826632751554,11.681189161673803,2.39017078535891
28894.89608311653,0.00015,34.79304701970186,31.292873863088335,8.939529968999087,2.5611299238905456
29002.738134384155,0.00015,29.193971837541525,24.34985226578742,8.15419634598266,2.0630414154095615
29110.499656915665,0.00015,30.41714519518578,74.75791503794443,30.233089512433285,2.2834513321028616
29218.445394277573,0.00015,37.87222153223233,36.58020801367738,14.874562511012968,2.21694786738084
29326.281568050385,0.00015,29.371294459247142,36.41836769651597,12.672088287068082,2.142319524779782
29434.40993833542,0.00015,35.1931976888567,28.12293248539865,10.681288777899203,2.308150482041034
29542.296672344208,0.00015,29.321536738879434,25.569366043250113,9.17255391799558,2.0955526048831494
29650.178416252136,0.00015,28.21669404260776,30.757788099028364,12.042189829254745,2.126918171708975
29758.174429655075,7.5e-05,22.589262890534243,24.257076706094285,7.685891027294465,2.0392412529272654
29866.008846759796,7.5e-05,21.00660013053114,25.420571949807954,9.226921744580762,1.9712207297858995
29973.857486486435,7.5e-05,19.601902948771695,23.616384843830666,7.539389609547212,2.0006427374756766
30081.829107522964,7.5e-05,20.15522222121645,27.33823495630625,10.792454259430906,1.9398744018898886
30189.570665836334,7.5e-05,20.0205510603237,22.269982889551358,6.9677201655351455,1.936360166255435
30297.517732143402,7.5e-05,22.710804470187174,28.74283068135634,11.385182128692175,2.1522166036410373
30405.059787273407,7.5e-05,21.923355083418837,23.81030518149245,6.750199847916375,2.057404698634955
30512.782341957092,7.5e-05,22.458609390003854,25.0316673790302,9.087193356021158,2.0196589610036595
30620.520831346512,7.5e-05,21.35183168641972,23.198786742252775,6.8212147160423795,2.036444769485627
30728.31253552437,7.5e-05,20.822861574147055,27.158072994120047,10.408658810360583,2.025292755123212
30836.1367456913,7.5e-05,19.617138492527292,25.10738789511492,8.179363351823387,2.042925455968608
30943.842282533646,7.5e-05,23.385690743685778,23.114803984171466,6.9526517842769255,1.9881709222538795
31051.347586870193,7.5e-05,21.55973034198206,24.490035978689537,8.872457612796584,1.9875767340055601
31159.15572834015,7.5e-05,20.766635428985474,23.602326453482476,7.042844125654023,2.025302957867242
31267.015699148178,7.5e-05,21.720860469152733,25.7142903042247,9.003051213705252,2.0555979750399924
31374.756908416748,7.5e-05,23.269883368907035,23.465015441891726,7.421731085119448,1.9234358491769066
31482.298575878143,7.5e-05,22.6801446021121,24.78452817712521,8.427850323362641,1.9980201660395691
31590.142261743546,7.5e-05,21.753043810597344,27.09334793005023,10.248356816922884,1.9616972744785828
31697.90487718582,7.5e-05,26.029879560872107,37.118492072288305,17.614448104346998,1.9112474680376337
31805.525430440903,7.5e-05,23.998456147020338,22.208236233268792,7.4658949384444036,1.8601097880873834
31913.269119501114,7.5e-05,24.953930994375003,30.214919255120915,11.030242714766683,2.0904854681222025
32020.93645143509,7.5e-05,22.747436403298757,23.71786421187835,7.102576522648753,1.93077462234905
32128.656663417816,7.5e-05,19.94372528298816,24.519518675161873,7.897335242779108,1.981475447029149
32236.29682636261,7.5e-05,20.27349914402918,23.782793525752783,6.7993679715615185,1.9682422013830072
32343.928802013397,7.5e-05,20.12834515638515,25.889917108764184,9.341115179976168,1.947864825261426
32451.55581665039,7.5e-05,20.657162521644434,23.84007443495949,7.210486096139077,2.000563577282221
32559.26575756073,7.5e-05,22.258669362670464,28.50320112244204,10.959327986160481,2.057391647629679
32666.916537046432,7.5e-05,21.032260783878087,23.13646306235318,7.925907515587513,1.9529623782982894
32774.621726989746,7.5e-05,23.17126291444557,23.742308658484703,8.466521274272298,1.8798305673248767
32882.24422764778,7.5e-05,19.14248574287277,23.301029152467766,7.611365555416116,1.9909816946310492
32989.91497993469,7.5e-05,19.99028680520537,26.094070584904806,9.094148164601968,2.0355041073947446
33097.433675289154,7.5e-05,20.04364237792775,21.661700291509092,6.327975483490728,1.8848362028530772
33205.190113306046,7.5e-05,19.460985001436345,23.53196458368385,8.000352191999381,1.883473131705009
33312.87300634384,7.5e-05,21.756362054416506,23.41601415689141,8.13416013472357,1.940919427991047
33420.64269113541,7.5e-05,20.060129464349814,22.858175920004097,7.434691398662231,1.9397609635616049
33528.370812892914,7.5e-05,18.823229600443664,25.209545201249153,8.851047551548305,1.9856535449593569
33636.40901875496,7.5e-05,19.24248690402277,52.91802847358763,22.87942205475163,1.893064694185117
33744.16935133934,7.5e-05,29.78796817327454,29.16839554401106,11.47623882754557,2.0689729328349595
33852.458515167236,7.5e-05,24.50667135740447,22.543131546768187,5.853740020181086,2.0553891674454046
33960.435886859894,7.5e-05,20.141006673250732,22.61764434210417,6.626538214977143,1.9457892952487312
34068.292788505554,7.5e-05,20.56603443726157,23.14645157008204,7.147816358463706,1.9943576528946867
34176.11742281914,7.5e-05,21.44021857770043,23.540056153726763,7.13741637577048,2.024465924626147
34284.05270195007,7.5e-05,21.72540432935729,23.815250866672194,7.569224359834928,1.9818968814842624
34391.89765357971,7.5e-05,19.525598157193087,25.594604291804465,8.777101723365456,2.0207526028117497
34499.71461105347,7.5e-05,28.754558189325806,25.90796111029142,7.612221290427823,2.2524095599437586
34607.40301656723,7.5e-05,22.110578887099862,26.491985186655814,9.39290693525402,2.114361039594438
34715.39153385162,7.5e-05,19.668680090765083,25.201718698611074,9.922894178287926,2.089282098035323
34823.28199839592,7.5e-05,20.29819433437899,26.90832397121417,10.623035080063092,2.0272056186827943
34931.22576665878,7.5e-05,19.444316570199554,22.395560422489883,6.622055199400856,1.9793770615690143
35039.162435531616,7.5e-05,17.98294096445554,23.050117819596643,6.687345434889046,2.0372738128028107
35147.257556676865,7.5e-05,18.391843150787455,25.12366272254007,10.146067924826571,1.9981974008726577
35255.42146110535,7.5e-05,19.608825854825984,25.454367406304783,7.205589404444349,2.2395184417861884
35363.20360136032,7.5e-05,20.55834869691539,25.18213817561793,8.480363523226089,2.1239492983850474
35471.35192942619,7.5e-05,20.825651337506113,22.750867399747264,7.395436659327542,1.9979213497641648
35579.52376437187,7.5e-05,19.12418869158345,23.17769756234039,7.24585160443491,2.0262038094852093
35687.66152191162,7.5e-05,21.031599506659454,23.62011323782006,7.214297493082048,1.973084099734041
35795.62386798859,7.5e-05,19.03377786450674,25.003567398483117,8.966838896135195,2.0175504336671573
35903.484597444534,7.5e-05,18.101650474278106,27.825371128958274,10.799707613415023,2.0365372215648936
36011.382850170135,7.5e-05,19.21510105043829,29.001112093739177,11.507469941374852,1.9653781128188699
36119.12161874771,7.5e-05,19.446448978535393,24.314288018012643,7.849462968524508,2.015977472113252
36226.92189884186,7.5e-05,19.729431130249267,34.72504912243741,15.02621828348304,2.0139489673340347
36334.72321176529,7.5e-05,20.801086050387507,22.12184041803769,6.72148007149819,1.9220417745166816
36442.341322660446,7.5e-05,20.505526922306256,23.937416991698615,7.49867836944033,1.9305571739926397
36550.03875732422,7.5e-05,23.20926326875778,26.406760323842548,10.057765568222557,2.14397081711531
36657.91193461418,7.5e-05,20.866090683821287,23.463343576888914,7.594368227737914,1.9731283490855505
36765.66072463989,7.5e-05,18.16443147614688,23.873566613661524,7.749966744046051,2.0006292834199946
36873.472722530365,7.5e-05,18.994889044766968,22.874669870635653,6.863579352387021,2.0237687857060354
36981.20397591591,7.5e-05,18.738287565197755,23.62638370103167,8.675208120725161,1.9062919791172128
37088.89836192131,7.5e-05,18.18901931811983,23.736140717110256,9.48977568664313,1.8780605216047037
37196.58412384987,7.5e-05,18.909561886344463,30.554809668763784,12.048749324593429,2.032798394185478
37304.26812958717,7.5e-05,20.9286742100978,23.63413837683347,7.47206719592504,1.8605774865704583
37411.962086200714,7.5e-05,18.533917753593936,23.135871978373622,7.561832493390316,2.0031733348523137
37519.82323765755,7.5e-05,18.643281387470168,25.110745038588785,8.443670904645675,1.9609423196252473
37627.599806308746,7.5e-05,17.494446527668458,23.116734691538607,7.57634356610959,1.8866669724842204
37735.3511826992,7.5e-05,19.500004745533538,22.61639493697603,7.242944596990049,1.8586184742429557
37843.05393433571,7.5e-05,19.447104458077018,21.646060180896093,6.553843690748802,1.837036571692807
37950.75445604324,7.5e-05,19.078283515585163,23.71594995927159,8.520548418361697,1.9335748535407202
38058.30380940437,7.5e-05,21.579568524062168,22.969165954980518,7.447150437792855,1.876952708279551
38165.870250463486,7.5e-05,19.12704182903335,23.277602962143476,8.028780332878988,1.8569043897909974
38273.49482011795,7.5e-05,20.1509226609721,38.2755735026467,13.867878239691862,2.278793363020498
38381.18782401085,7.5e-05,19.90114849610646,22.65003900427857,6.760731748371318,1.921153002899297
38488.98488855362,7.5e-05,19.99137599730072,23.59305922684988,7.765893482734519,2.0682041578565977
38596.73448681831,7.5e-05,18.317120266109406,23.28181608844202,7.384286789808622,1.9604153176205503
38704.38873267174,7.5e-05,18.08883773035078,22.277900541459708,6.797989203794246,1.9244596173549433
38812.089648485184,7.5e-05,18.318499977271575,23.562990532894837,7.149173278689664,1.954201833555701
38919.52608847618,7.5e-05,17.871469431822113,21.86216733136413,6.341079631635944,1.9327205010754427
39027.25605559349,7.5e-05,18.17140411560507,50.66574608378152,23.73306296118887,1.891408876058304
39134.91058444977,7.5e-05,36.199076992654405,23.74303946199756,8.091028610431675,2.0543829766395083
39242.65010380745,7.5e-05,23.946736334267268,25.867580643717893,9.122067044883247,1.908738510625828
39350.336799144745,7.5e-05,21.705036122965158,21.126553529040102,7.015006641438485,1.8322854497616377
39458.00871324539,7.5e-05,17.19158929948898,22.542981934027377,7.521832160622648,1.8464552682853617
39565.814230680466,7.5e-05,23.183737071804863,28.761327494447713,8.241261973570587,2.538684666360808
39673.75921154022,7.5e-05,23.906593194860847,24.57265615723617,7.269114883077953,2.1579018392811173
39781.83117008209,7.5e-05,20.673424552293735,24.904599389466828,8.344952527564296,2.10979126343783
39889.86787700653,7.5e-05,20.924028620950416,25.17750733451877,9.11816610513213,2.077834481669844
39997.845435380936,7.5e-05,18.790190818342182,23.410113939528156,7.58652686329438,1.9990404430326847
40105.788831710815,7.5e-05,18.958919032694475,23.176409331886227,7.715089653770345,1.9799240098922435
40213.52448916435,7.5e-05,17.87498499997131,23.876041408441367,8.427910811438379,1.953257583438439
40321.67195773125,7.5e-05,18.261421860393,23.440840590788316,8.736849876278932,1.8873805000583685
40429.926448345184,7.5e-05,17.049253408296465,22.53241380440665,6.42373048599493,1.898499638112825
40538.08221793175,7.5e-05,17.438795088446998,23.766716582928836,7.261483882984331,1.9698398839853954
40646.268781900406,7.5e-05,17.647218945563356,24.721723491104704,8.991063769869013,1.8545156901879711
40754.50414919853,7.5e-05,17.641326393361982,22.61319848949961,7.417086389412289,1.8969242300530242
40862.680465221405,7.5e-05,17.447974297325285,20.93839299737822,5.662981382683674,1.8462325723594308
40970.52574110031,7.5e-05,19.132158552200817,46.505080559285595,21.029857266813355,1.9387346396612293
41078.49652385712,7.5e-05,21.73836772259691,22.24627226017609,7.728138743019253,1.8557195745562336
41186.35572004318,7.5e-05,17.12016305798118,21.031701994720645,6.333306152748114,1.819921911923504
41294.34483528137,7.5e-05,17.456293824787103,21.300622765918828,6.011263802008804,1.8489358646761447
41402.322887182236,7.5e-05,19.14927383020477,21.56704392412796,5.92007951446557,1.900572774716947
41510.26961302757,7.5e-05,18.155545773658066,24.598884883795574,9.028532059417511,1.865267090720935
41618.22422862053,7.5e-05,17.582148638406824,22.366602466700453,6.292173833096297,1.9428044651002103
41726.14137291908,7.5e-05,17.58250646746273,22.029769741622456,6.40288560054122,1.8874339145257457
41833.93458151817,7.5e-05,17.60497415185267,25.18150959181631,10.032095182899006,1.9106289422214933
41941.81402659416,7.5e-05,16.188279740606976,22.334911295874377,6.642327196414082,1.980827176208119
42049.41816949844,7.5e-05,16.286758743965112,22.660007113920976,7.591134327794087,1.8173994004488645
42157.16350030899,7.5e-05,17.44332402382908,30.010751494154768,13.295495807056026,1.9031791811121315
42265.180139541626,7.5e-05,18.27875007895803,21.834398643573945,5.961204026327037,1.9056368439203903
42373.09740161896,7.5e-05,17.658011760656432,20.932482522437876,6.50562561403841,1.7777909100358662
42481.092267513275,7.5e-05,16.54164564022643,28.611793344447875,10.64487607425205,1.9468848933118292
42588.83987021446,7.5e-05,19.324854910254185,33.50043779136227,15.619722561081778,1.9444180697045579
42696.762015104294,7.5e-05,20.231686665927363,24.294017674977106,8.877711583744802,1.8361500415306822
42804.78912901878,7.5e-05,17.365005033428883,29.847264937087495,13.259667248625544,1.9078891264295215
42912.54381608963,7.5e-05,20.981807711289598,30.150819853177943,11.4940927227493,1.953954291824164
43020.26515316963,7.5e-05,19.822961930257755,22.829374616249353,7.583205555345709,1.7946126356187921
43128.072073698044,7.5e-05,19.255233388192458,23.94198205684386,7.813011451893641,1.9005117661813056
43235.96704411507,7.5e-05,19.248294015163353,27.355750842421827,10.707369164387323,1.8829675248994382
43343.97407889366,7.5e-05,16.785703025965734,22.866769923095937,7.486546187129507,1.9036581001098631
43451.92057657242,7.5e-05,17.05782135708291,23.547460375882498,9.3801922132889,1.7920495852738232
43559.86242341995,7.5e-05,17.42128741860682,22.442953180200387,6.368814014961082,1.915753789152705
43667.65771985054,7.5e-05,17.260292751323302,22.21733325681218,7.758115264464428,1.830786526739952
43775.49188399315,7.5e-05,18.530614082785114,23.039393210413095,7.057937934262996,1.8020578201418702
43883.42699074745,7.5e-05,16.686428918793887,22.780316981243494,8.14568821527209,1.8166543061568148
43991.285778045654,7.5e-05,17.961201437280714,22.31853456481274,6.873943560771987,1.8577485478581655
44099.034776210785,7.5e-05,16.153367992391775,23.515582756439414,8.048303745356,1.8510426585073816
44207.035769701004,7.5e-05,20.431310846588346,23.87905620433898,7.902151495798993,1.9524348545296601
44314.94773077965,7.5e-05,18.814887705611927,24.637011599351172,8.736548107857827,1.9187330121376438
44422.714955329895,7.5e-05,16.741105728038942,24.045389591978104,7.387227615154264,1.9207769204644773
44530.37009716034,7.5e-05,18.899820179045932,22.475545354633716,6.778618807357824,1.8547010556744599
44638.184923648834,7.5e-05,17.207695595802246,24.79129318518224,9.514265044071855,1.867920612859667
44746.07082438469,7.5e-05,16.61090074973851,29.50283928342691,11.956088728395553,1.9096782712133915
44853.85269212723,7.5e-05,17.749445413422496,26.223044187347362,9.732267583429302,1.9299688861662845
44961.887434482574,7.5e-05,16.602933851587505,24.998760177306238,7.176284008070722,2.0073827711387686
45069.55545401573,7.5e-05,16.829583674290845,23.666503377435205,8.493782968142026,1.8467473983854583
45177.47986912727,7.5e-05,18.15857073256369,24.486578581157588,8.42976050254245,1.896648464000888
45285.42090034485,7.5e-05,23.287274791286688,32.65158127363755,7.830446378569629,2.641181747441272
45393.30771279335,7.5e-05,26.177139631489332,25.788777041752937,6.9177639843055445,2.175557277436009
45501.28815245628,7.5e-05,20.20249804995803,26.0629702510667,8.546748175438921,2.0902779404752643
45609.143936634064,7.5e-05,20.6193759917788,34.12686519211083,14.881531704243327,1.9814757228762139
45716.978992938995,7.5e-05,17.34774599905985,23.357171850527962,6.767767066985299,1.9383820711382052
45824.991191625595,7.5e-05,16.77874557816337,24.224333459404797,8.127052583642426,1.959129810724467
45932.82853078842,7.5e-05,17.934332347920012,22.510553578283336,6.528173412462741,1.8731883708743662
46040.4283311367,7.5e-05,15.852365699210605,23.450061755062052,6.97503164682366,1.8884108402171869
46148.214720487595,7.5e-05,15.94202718226993,26.18253348062348,9.367375098070129,1.9949384534230035
46256.04424214363,7.5e-05,17.024252351287956,27.069880906711372,10.448165926260588,1.8487639764124622
46363.77706480026,7.5e-05,16.74313910529565,27.458932989553627,10.635353370838953,1.9403158262637745
46471.4562561512,7.5e-05,18.14222763003738,25.20407163970362,8.98930802794982,1.823378552647734
46579.13262104988,7.5e-05,17.042979853645573,22.521274937846,6.380340787273594,1.8249120303707889
46686.94216585159,7.5e-05,16.978230052335302,24.045203530758407,7.4503157029185365,1.9554649592828666
46794.80749320984,7.5e-05,16.45971398875134,23.199963355282257,7.041991637446224,1.8413754688922375
46902.52202630043,7.5e-05,16.658368582926286,25.158499355986894,7.663419974751521,1.9727742909595958
47010.20630526543,7.5e-05,16.146605585327283,21.556200637073264,6.136430334505957,1.7887880572079635
47117.881722450256,7.5e-05,16.36423926566964,28.193760850963947,11.69984393517486,1.7853705766943182
47225.60628247261,7.5e-05,16.044945821381805,22.429072834347505,6.86527000956487,1.8359165334646228
47333.17155480385,7.5e-05,15.522649597181566,22.958466469410215,8.296896909979852,1.7976071693389544
47440.94118356705,7.5e-05,18.274900792249994,25.615889929246574,10.086270080352332,1.83003920092141
47548.84373378754,7.5e-05,16.092723018742266,29.722667182787244,11.589034591163403,1.9604294656826982
47656.67856359482,7.5e-05,15.448076910790952,21.492711478596036,6.257501957477858,1.782589238220653
47764.43298959732,7.5e-05,16.0206561749272,24.501862778206185,8.276917428591245,1.9040638207793465
47872.419132232666,7.5e-05,15.926445997751856,24.99936182581829,9.65447482780284,1.8607622448192762
47980.2707130909,3.75e-05,14.162791609471984,21.427643260372495,6.394180954942829,1.7446029884252834
48087.97532868385,3.75e-05,13.364569998817844,21.737469855894627,6.364733644695089,1.76385375548906
48195.56072449684,3.75e-05,13.496291097911648,21.565809786584477,5.89990383335509,1.745881487625972
48303.38636183739,3.75e-05,13.50578570647398,21.516079329154675,5.651757627563001,1.7327893398401215
48411.121230363846,3.75e-05,13.579781958987278,21.79274203437563,6.10862324299147,1.7126981076351437
48518.789323568344,3.75e-05,13.659918014019043,21.99908612591747,6.331619646246324,1.6955770000666015
48626.578110933304,3.75e-05,12.860294866784958,21.82623854135932,6.173748807245554,1.7502861253541249
48734.12938475609,3.75e-05,13.401300598980722,24.172495468140298,8.364165013968154,1.8291824054037213
48841.86165165901,3.75e-05,13.80761769376106,21.606913938419005,5.677410619294188,1.7254938110555318
48949.74711036682,3.75e-05,13.392849349954341,22.065817129164433,6.183784731644164,1.7544325354066874
49057.50344800949,3.75e-05,13.51044033098975,22.31033031283556,5.800744146642885,1.767368776071735
49165.26275897026,3.75e-05,13.226516556330846,21.64391891256257,6.166466446101247,1.7118453126913231
49272.998873233795,3.75e-05,13.58176738229566,21.15888121920832,5.589200576580045,1.7182936565735776
49380.81665849686,3.75e-05,13.929036355119528,22.117343153653934,7.184318218394731,1.7142632553928414
49488.619794368744,3.75e-05,13.599105184660852,21.091687941135035,5.704867698211551,1.6920880083957244
49596.57513022423,3.75e-05,13.486107988329925,21.219614759315633,6.376177272662834,1.6996508787450875
49704.318019628525,3.75e-05,13.536251664984913,21.706809787516594,6.969328915245907,1.7139535936792727
49812.2491710186,3.75e-05,12.929489879518927,21.419971273316857,5.804957005537216,1.7358829130171165
49919.98697280884,3.75e-05,15.301064206699296,26.277081003120827,9.335414761597535,1.9171269925361638
50028.06976366043,3.75e-05,15.779640937494154,23.92070248230386,7.5105743794727395,1.8061422929592827
50136.00872683525,3.75e-05,14.932406487723028,28.151626105233934,9.37155535215525,2.0837457505968264
50244.02136015892,3.75e-05,16.19094870876007,24.244950546410127,7.241400878501886,1.8931762451841851
50351.86846494675,3.75e-05,14.12603096739968,21.769923368936873,5.589631943617216,1.7845990671319054
50459.80917930603,3.75e-05,14.018063906174403,22.796948735776756,6.286565829698499,1.8057704862259203
50567.71376776695,3.75e-05,13.42602058953659,22.57718719082897,6.637364230672549,1.7668654238158858
50675.51797533035,3.75e-05,13.53345890601777,23.804315063860116,8.87711449293819,1.7833166916827865
50783.231753349304,3.75e-05,13.686920053737417,21.974626168997773,5.743184253933461,1.777060703427203
50890.99661755562,3.75e-05,13.34510094180992,22.092545802952003,6.216902845089824,1.7312269862390803
50998.83069038391,3.75e-05,13.125297357733835,21.563667870938474,6.725029060084283,1.7099662646435565
51106.7396235466,3.75e-05,13.806169854901526,22.513110713830315,6.772140975678608,1.7244072088875668
51214.68760585785,3.75e-05,12.8905166408006,23.44232194073673,7.77666229283726,1.772518115977565
51322.44744634628,3.75e-05,13.109343287195387,22.39549312028473,6.936822188058498,1.709393654916826
51430.22450041771,3.75e-05,12.965883587378121,21.541900986697268,5.998498356165778,1.6907762938700266
51538.12184214592,3.75e-05,13.18166550758236,21.449288893222175,5.6568682931497145,1.7270362895661562
51645.890340805054,3.75e-05,13.076185659407294,21.618316327503326,5.934339721037462,1.7188205470595082
51753.6234023571,3.75e-05,12.849415083881157,24.53410620350384,8.788081195144475,1.788790682863361
51861.342326164246,3.75e-05,13.566706536102465,22.53750951426314,7.321021305241811,1.736754434336111
51969.338097810745,3.75e-05,14.066620768085835,21.41238467797945,5.7419818185403395,1.6872753622085794
52077.18059301376,3.75e-05,13.28508317590052,23.459297422729097,7.824639891983472,1.7164627040516574
52185.24822306633,3.75e-05,13.033162085349801,23.19861441308526,7.9950937195299945,1.6956057858662035
52293.07388758659,3.75e-05,13.461263348993041,24.699125899349063,9.698654350227242,1.7522098593313848
52400.71861410141,3.75e-05,13.150426632950635,21.540488871569735,5.219420854504556,1.6906618943219227
52508.449836969376,3.75e-05,12.844912235921145,22.168987898238832,6.780563208802269,1.6692298191772155
52616.16164183617,3.75e-05,12.322033439189243,21.156886363881384,5.703366759040815,1.6689308415370625
52723.823449373245,3.75e-05,13.011667161721858,21.915848797583852,5.9077423613051,1.717527607545556
52831.74032878876,3.75e-05,13.095055539986689,21.684747612297265,6.109889466782984,1.6972462095107965
52939.40500116348,3.75e-05,13.064906918888342,28.979961628104064,13.4048143507258,1.708449887567902
53047.10114836693,3.75e-05,13.886319212192255,21.980372792993823,6.404341661270391,1.7195215225129792
53154.779901742935,3.75e-05,13.548527917927798,23.50844800822667,8.427388765806345,1.8181245279892662
53262.563913583755,3.75e-05,13.091121624296294,22.57064411252797,7.938284106117064,1.7331640853447992
53370.30413556099,3.75e-05,13.721063662435727,21.548473510863058,5.7990434279408385,1.7352290518682412
53477.99153923988,1.875e-05,11.831086512476597,21.20041853469558,5.797294346132227,1.6429137731762877
53585.749181985855,1.875e-05,11.794859165549411,20.652756277667073,5.050344361612226,1.6689033302170933
53693.45142006874,1.875e-05,11.656569614737569,20.832920194619867,5.362919995493008,1.6746212214299223
53801.36164212227,1.875e-05,11.751369490977199,20.719225641982803,5.522555835155984,1.6311032679813906
53909.12565779686,1.875e-05,11.54207386766571,21.672720038530315,6.835171227518321,1.652854712872059
54016.90766143799,1.875e-05,11.778840368164225,21.60157345427709,7.022449820467205,1.6556432039435678
54124.701551914215,1.875e-05,11.715290178777806,23.400382281246827,7.819360695866431,1.6881174268886305
54232.562611579895,1.875e-05,11.708536396740433,21.313325670081344,5.498502013280071,1.6792913036087604
54340.37259578705,1.875e-05,11.740391309130136,21.735984577256982,6.830764928090786,1.65871285181244
54448.229783535004,1.875e-05,11.584219877532394,21.014976032478966,5.173897987776033,1.6485742041647844
54556.24458193779,1.875e-05,11.52424945574238,21.401563435662236,6.067902637104085,1.6668289302132677
54664.22643280029,1.875e-05,11.406050720786325,21.76596891506695,6.390007045802341,1.6471690464098019
54771.9274494648,1.875e-05,11.614060102047647,21.0707299543998,5.437977645885916,1.646445118523538
54879.63195681572,1.875e-05,11.674081748831535,22.65032245440541,8.07120893601784,1.6789768814108643
54987.23162531853,1.875e-05,11.642342337629369,21.035416614339184,5.44410305662445,1.6384269515852063
55094.89565825462,1.875e-05,11.676605291742609,21.12145277840496,5.783685385391104,1.6366925176204141
55202.640988111496,1.875e-05,11.562823412439078,21.540211021969313,6.329448741576863,1.6539502211445631
55310.36781477928,1.875e-05,11.553712424097467,20.845696578974312,5.07588746746536,1.6474120453704229
55418.076560497284,1.875e-05,11.62818585665833,20.996367045965417,5.4496588673521,1.678339335385587
55525.689688920975,1.875e-05,11.672745373233651,20.71125676945102,6.363964830072987,1.6371852535774782
55633.41508078575,1.875e-05,11.740356608259303,20.913384931341852,5.857280368463006,1.6720532915993098
55741.13984298706,1.875e-05,11.61212484617227,20.66338595606891,5.701744373942946,1.6523009501046655
55848.81176781654,1.875e-05,11.444699655797546,20.90624557039365,5.687443172011817,1.6371171484192195
55956.48861002922,1.875e-05,11.575183341114897,20.98221111575505,6.656406247978181,1.6374741136595492
56064.31398296356,1.875e-05,11.602596075185877,20.770209976776044,5.5778482278064185,1.6261464534985473
56172.06429386139,1.875e-05,11.482611120397781,20.716920577218772,5.276087691796913,1.6401232792277316
56279.72143316269,1.875e-05,11.340926638741513,20.690444354407706,5.187601754001966,1.6517999027618517
56387.32258272171,1.875e-05,11.91516217412118,20.941259940044848,6.316983274250224,1.6711973590210316
56494.99837756157,1.875e-05,11.842238522022067,21.029695587879658,5.345518642910179,1.674716387084543
56602.72366166115,1.875e-05,11.759593875457567,21.393012181634756,7.218444131448319,1.6426106679028207
56710.5190384388,1.875e-05,11.259170502059098,20.848009669339266,5.8280886042796345,1.6382048600190426
56818.24862527847,1.875e-05,11.252173253065973,20.52425932500421,5.172798320267782,1.6319950032639572
56925.99750113487,1.875e-05,11.158800007745135,20.636171270968852,5.1472081833302,1.6395173671194065
57033.59213471413,1.875e-05,11.541041390352511,20.857604760943158,5.366070429979594,1.6356766564826635
57141.31864237785,1.875e-05,11.295693890505099,20.997075638204606,5.399318409635049,1.643329055248972
57249.075711250305,1.875e-05,11.26691760334891,20.353975304249513,5.0550450319808995,1.6292119728707344
57356.75186109543,1.875e-05,11.180214219487413,20.62969912573968,5.29636473741182,1.634040833598745
57464.45134830475,1.875e-05,11.37217931785677,20.71161191372479,5.067209307699582,1.6319724025109907
57572.25414919853,1.875e-05,11.547700505077135,22.012122810667677,7.426171880351874,1.6426742233831946
57679.80993437767,1.875e-05,11.534285788600869,21.401667131441272,5.608218468824403,1.6648286557982475
57787.55202269554,1.875e-05,11.411496795293987,20.64271163122925,5.560708171579862,1.631862760713206
57895.208445072174,1.875e-05,11.611912448306901,21.698230880778638,6.1016401289406925,1.6482120928010378
58002.94963860512,1.875e-05,11.601110722233123,21.714651938485982,6.223782436046764,1.6566778193721576
58110.61319899559,1.875e-05,11.405554946692066,20.913840116501987,5.730228935473614,1.6443501933108604
58218.49676775932,1.875e-05,11.142725405912937,21.74388346133935,5.695592602248872,1.6597016383521008
58326.22544956207,1.875e-05,11.284408431988991,21.172417038916382,5.700469373077131,1.6423362147503309
58433.980444431305,1.875e-05,11.130584423938767,20.823376116430346,5.487609075366382,1.639466695869791
58541.63673734665,1.875e-05,11.928068065303396,21.332892675381164,5.749703633998951,1.6910935338233892
58649.26841926575,1.875e-05,11.509237950776036,20.924157454127265,5.0934121688640595,1.6562112835621585
58756.97954106331,1.875e-05,11.324269035341056,20.932422494066753,5.3135407285028755,1.6340388420894174
58864.74060893059,1.875e-05,11.26953574070343,21.737422387684326,5.925134211337297,1.669682752287809
58972.51492667198,1.875e-05,11.099182430156011,21.05657719251853,5.162355742599475,1.645946754394195
59080.21288871765,1.875e-05,11.29822883597459,21.205719522550716,5.924638883452442,1.6422554619249938
59187.89577317238,1.875e-05,11.09595775444913,20.918130271501628,5.4757692956961606,1.6185886545910013
59295.671780347824,1.875e-05,11.119335254440596,22.66771113501211,8.447115168939414,1.6254871882221926
59403.46264958382,1.875e-05,11.244131068286823,21.672371527685062,6.17099806264519,1.6373866006385318
59511.17856192589,1.875e-05,11.56094863277205,21.567175234642637,5.5738794679113965,1.6555512398128658
59618.902522563934,1.875e-05,11.427518675284281,21.127856102813187,6.415476581219668,1.6275086225677156
59726.5652923584,1.875e-05,11.484758938360013,21.156495543872833,5.739313552273686,1.6497610299030399
59834.30244255066,1.875e-05,11.451977452341659,21.21443338032898,5.330866274755631,1.6425913525646643
59941.936265707016,1.875e-05,11.153180562671773,21.201007001500564,6.253292529729782,1.649355557164956
60049.461829423904,1.875e-05,11.131962982045167,22.131773142645066,6.444034172052159,1.6513628234469009
60157.22290110588,1.875e-05,11.680897821480354,20.722727725214913,5.3154236309619405,1.6206566456472873
60264.73402571678,1.875e-05,11.107216466001637,21.295154251883545,5.3732685169389445,1.6499572466691466
60372.43041419983,1.875e-05,11.23341551865892,21.05650276840568,5.970040167483703,1.6442973744256442
60480.04214978218,1.875e-05,11.5527864315112,21.336561400930755,6.376087069790157,1.6664067675046348
60587.66546869278,1.875e-05,11.081681374213987,21.036563474899214,5.983829206911178,1.6331296395145252
60695.245570898056,1.875e-05,11.04848456430552,20.94974461588478,5.2305988392045695,1.6351997062588206
60802.99270963669,1.875e-05,12.341493600300199,21.971661947085625,6.131455737357017,1.7843177108958188
60910.6493768692,1.875e-05,11.83891878640049,21.45097278416145,6.185621013329165,1.7046976773609197
61018.322259664536,1.875e-05,11.369393023437581,20.92205466698544,4.9241896768333575,1.6586666404501156
61126.12908864021,1.875e-05,11.178859424314883,21.090138525208324,5.352886194004644,1.6612159640580317
61233.92318367958,1.875e-05,11.155166497446164,21.803315831811762,6.48003127885255,1.6495823758317647
61341.763718128204,1.875e-05,10.992866317794062,21.548706638677107,6.434927333079552,1.6360537076198527
61449.60811209679,1.875e-05,10.891158297269588,20.74977287664863,5.139048590477983,1.6285914097865983
61557.46229887009,1.875e-05,11.867494589503291,21.483828527241357,5.986726848575535,1.7234208986401045
61665.550897836685,1.875e-05,11.400688724757888,21.214586750177507,5.265283743664332,1.680086262617927
61773.54140782356,1.875e-05,11.232234417130778,21.212456613179597,5.780891659291387,1.6714668131109813
61881.37877225876,1.875e-05,11.170991668565206,21.009997285272046,5.226282439376819,1.6749598180185024
61989.20309758186,1.875e-05,10.981061573627665,21.81362182799197,7.243703611735153,1.6551735866182324
62097.09999704361,1.875e-05,11.177193711345193,21.358918490806328,5.853308254726585,1.6497078423583655
62205.08315324783,1.875e-05,10.900113906698891,21.285865666016623,5.2603315351906925,1.6597462546363257
62312.92340826988,1.875e-05,11.15362076069948,21.24631306541439,6.191685638665596,1.651267845863284
62420.540734529495,1.875e-05,10.939352724275443,20.80995315835915,5.605629297317422,1.630760449508152
62528.36348605156,1.875e-05,10.811518674545814,21.022277849514516,5.305683207344655,1.6258849966711635
62636.19211483002,1.875e-05,11.052205543789999,21.031354652987776,5.32389532135319,1.6288832000062734
62743.89000225067,1.875e-05,10.695121729445633,21.877401602657073,7.3512823680184916,1.6338328226078884
62851.49325633049,9.375e-06,10.459462375411427,20.556965077078846,5.085665948857391,1.6162886621951136
62959.08680510521,9.375e-06,10.386429681095999,20.708360364893274,4.938500827304665,1.617172993207162
63066.7771320343,9.375e-06,10.301310683178407,20.785377981666326,5.797371627201072,1.6176876051171576
63174.679261922836,9.375e-06,10.415308696970321,20.55633855922983,5.148571519859118,1.61476844527651
63282.26430225372,9.375e-06,10.283208220539871,20.589836449374484,5.214557606079387,1.6083406487629657
63389.96318888664,9.375e-06,10.3954486974392,20.518747445713913,4.725397608007014,1.6169624761378043
63497.73938584328,9.375e-06,10.38025684838944,20.914169238069444,6.1210796478104985,1.6179834698728244
63605.450481176376,9.375e-06,10.382437935648795,20.52957529263115,5.074317828064679,1.609437476842085
63713.12275981903,9.375e-06,10.397461559119748,20.681314805098516,4.92344381580665,1.6246813776456177
63820.86563062668,9.375e-06,10.393990535464152,20.6918039757632,5.618931012885792,1.6250205170068266
63928.5526740551,9.375e-06,10.274388920679261,20.69515778429084,4.952370650305566,1.610316118526402
64036.30057954788,9.375e-06,10.640014013539817,20.73708587656413,5.083722802130207,1.6628286519061706
64143.867226839066,9.375e-06,10.55622929665261,20.666908191434633,5.254919636370331,1.6313118778639977
64251.57749056816,9.375e-06,10.433735564653155,20.667180819366664,5.172484070085866,1.6201519442302057
64359.23743581772,9.375e-06,10.442860002107677,20.46777701597084,4.875346584424133,1.6206912849590238
64466.99637007713,9.375e-06,10.373928548923763,20.517275434742725,5.15181641493193,1.6206376465907424
64574.76870560646,9.375e-06,10.273064868066166,20.600216892263585,5.115200233013483,1.6254207413120187
64682.305337667465,9.375e-06,10.34456860225114,20.485835549531032,5.208572081449156,1.613824852040757
64789.76995229721,9.375e-06,10.311902195553813,20.611232626646228,4.990904747835844,1.614167953699715
64897.363888025284,9.375e-06,10.317122742390946,20.526813986790643,5.334411160237884,1.6114367172263226
65005.40530872345,9.375e-06,10.254200763706642,20.612133706297588,5.194710179222624,1.6009980981983827
65113.17708802223,9.375e-06,10.310672322369069,21.265118032242786,6.549473873266278,1.6230538098844323
65221.144815444946,9.375e-06,10.364558366657393,20.960775945933094,5.775892003476388,1.6233808352857952
65329.09483551979,9.375e-06,10.254595980131167,20.62763099649905,4.841708506630996,1.613523865336064
65437.038841962814,9.375e-06,10.13717366380239,20.541844697127697,4.8017406835281005,1.6164566621231706
65544.96896266937,9.375e-06,10.21497676557888,21.037558818715368,4.9449147813875785,1.6380270812621636
65652.83291244507,9.375e-06,10.461497760822843,21.44134066301643,6.108946656771963,1.6075136842994857
65760.74144673347,9.375e-06,10.34084686603066,20.650811743263436,5.1329090151114105,1.6140389358400067
65868.76425051689,9.375e-06,10.456818104533847,20.72799715337603,4.786025076291566,1.6216045401978398
65976.58486533165,9.375e-06,10.27455566614023,20.895005790199875,5.236098074671447,1.6241977850762488
66084.68179941177,9.375e-06,10.211957218121729,20.826004710923087,4.9626495141306615,1.6152614353524668
66192.57188844681,9.375e-06,10.223398536105123,20.84688071582423,5.756093956582358,1.6108149234066893
66300.57821679115,9.375e-06,10.350403512870583,20.778405550039043,5.302756130370143,1.6134666609573662
66408.33417391777,9.375e-06,10.275085589168173,20.673859688471268,4.942704623691384,1.6111663768859432
66516.19451522827,9.375e-06,10.190966775885242,20.769863690285007,5.233838804606247,1.6081324391967566
66624.07435321808,9.375e-06,10.124481073438153,21.476307365274916,6.295409897576063,1.6200603175337067
66731.96996951103,9.375e-06,10.154364117855854,20.455682160328426,4.725752811922473,1.6039439926128034
66839.91720199585,9.375e-06,10.198138797222095,21.734836718747886,6.990237642616754,1.612865329320495
66948.00840473175,9.375e-06,10.368505499362415,20.80501851976975,5.386834181014765,1.608371778039512
67055.63328266144,9.375e-06,10.2000136478464,20.68280733630968,4.803172720286963,1.6015892301130228
67163.56473398209,9.375e-06,10.209286714827039,21.133166435743103,6.056069178592388,1.6172455270274568
67271.58165073395,9.375e-06,10.117184685927825,20.901713983757706,4.795672258360722,1.617509137965725
67379.66925477982,9.375e-06,10.215000207824096,20.73384313695073,4.855417119276682,1.6053846265739047
67487.59988284111,9.375e-06,10.167542119365036,20.636252990526994,4.954622713179674,1.5933243827997174
67595.52473926544,9.375e-06,10.226481475073767,20.800060377075916,4.9231531495520215,1.6096043509342328
67702.69885802269,9.375e-06,10.253963970027964,20.620550495200803,4.984719217706266,1.6033222891593448
67809.81517124176,9.375e-06,10.116414496085511,20.78017999913617,5.0910610190054815,1.6060160236702372
67917.18011021614,9.375e-06,10.175792676883594,21.034386725723447,6.002187391416411,1.5921322923684147
68024.49017047882,9.375e-06,10.183126214087528,20.69655688546161,5.131367490891823,1.6066814134133554
68131.80248522758,9.375e-06,10.302362524658461,21.152978998257538,5.179243006003804,1.6176132449792047
68238.98168063164,9.375e-06,10.197933329375928,21.596066162333745,6.891498500262028,1.6031857431353664
68346.24569129944,4.6875e-06,9.879695724925796,20.748518133931043,4.870294985693131,1.5888830844641975
68453.64370846748,4.6875e-06,9.845169486753074,20.73161809805357,4.916297808533429,1.5816864567092748
68560.71622252464,4.6875e-06,9.871566428934235,20.707817976271127,5.213689193071468,1.5972415530051283
68667.76569986343,4.6875e-06,9.844709148330502,21.248169258797148,5.772923604083637,1.5923715851647116
68774.93666815758,4.6875e-06,9.820963601753743,20.64248621482999,4.75652905209215,1.5823061787260684
68881.47747063637,4.6875e-06,9.803424894637109,20.794743251789743,4.888422456832018,1.5956288037137463
68987.90475034714,4.6875e-06,9.766857734207694,20.79041543777051,5.460704250439758,1.589863473137104
69094.1986773014,4.6875e-06,9.802355560807083,20.77759242993344,5.137877725198319,1.5911665533762627
69200.57226204872,4.6875e-06,9.849701375572526,20.700365699554705,4.987770642513237,1.587571883788197
69306.88392686844,4.6875e-06,9.82218403145953,20.714335902710463,5.110805136843389,1.579784875827068
69413.31532359123,4.6875e-06,9.699641459926674,21.294553394624124,6.297007396457164,1.5925866791081436
69519.68235111237,4.6875e-06,9.88061009783287,20.634933409516968,5.097546920122249,1.5822771573700525
69625.94913339615,4.6875e-06,9.82644929586314,20.549960254789845,4.855746229830331,1.58129970271992
69732.21401548386,4.6875e-06,9.715117135114834,20.574744124329843,4.794826626498906,1.583587157240754
69838.44038009644,4.6875e-06,9.746956961009943,20.863823367496643,5.736095814991072,1.5904643857512033
69944.89026999474,4.6875e-06,9.850853077524567,20.707085560372274,5.301793458957925,1.5826705279476954
70051.1434545517,4.6875e-06,9.726616433108138,20.55442309829475,4.772876132956168,1.5809644514065462
70157.48978281021,4.6875e-06,9.74536747995106,20.76215343734083,4.767002843082277,1.5862083541900767
70263.83835220337,4.6875e-06,9.761559286051694,20.606577573275974,5.100552336647468,1.5818069994305157
70370.14334344864,4.6875e-06,9.7355457715081,21.27350863245659,6.3357449246865185,1.5936384731753226
70476.57196760178,4.6875e-06,9.758922493093978,20.577972042586545,4.959120678325602,1.5777173766045165
70582.84717941284,4.6875e-06,9.716587342034737,20.638280892475333,4.68110865758716,1.5823106158779203
70689.17119312286,4.6875e-06,9.707276700572836,20.539028069354266,4.9763668979041205,1.5795484897134606
70795.37929296494,4.6875e-06,9.743219208202163,20.78824009680696,5.270160330150245,1.5947146967593442
70901.65454387665,4.6875e-06,9.718190976043246,20.942800086252888,5.947687861144496,1.5822250011221521
71008.05237221718,4.6875e-06,9.838845704440471,20.91370559818597,6.299985012967236,1.5891253682657607
71114.20166826248,4.6875e-06,9.704241586172333,20.75731466209534,5.197176911732413,1.5875858505424143
71220.01038074493,4.6875e-06,9.76939998774572,20.606312307228336,4.845099882510892,1.5789686341448081
71325.90867161751,4.6875e-06,9.687755419645525,20.54954166783603,4.719167270794197,1.5785838866298803
71431.91849780083,4.6875e-06,9.641070319167435,20.618281458265074,4.893407668532196,1.591313106446823
71537.72589540482,4.6875e-06,9.758359220835754,20.64240632157152,4.717420745992326,1.590326987436058
71643.69900417328,4.6875e-06,9.701983040652209,20.581353777378396,5.141886487382516,1.588703768187292
71749.61327028275,4.6875e-06,9.64319161737807,20.69438012735535,5.540830572043558,1.5857242030196088
71855.4410533905,4.6875e-06,9.753822132589876,20.548763001336436,5.180001854246144,1.5854500651414642
71961.26042556763,4.6875e-06,9.695866072993152,20.508502324548108,4.839348609430755,1.5799619909393647
72067.28195881844,4.6875e-06,9.607642308246003,20.674670618555147,5.488421811039152,1.588408100280235
72173.26401114464,4.6875e-06,9.647374338603386,20.769669475159347,5.011779163744147,1.5968812509794081
72279.21150112152,4.6875e-06,9.61903417824796,20.652220428865135,4.76333346705091,1.5879039145834881
72385.13570356369,4.6875e-06,9.640471067851358,20.90368972221392,5.139652787384723,1.5819570210944536
72491.01252055168,4.6875e-06,9.590067658984175,20.685759928410814,5.07085798981593,1.584889856445469
72596.63700580597,4.6875e-06,9.710959776761298,20.702492198765484,5.022352184435397,1.5764347683329922
72702.3878068924,4.6875e-06,9.645088265111596,20.53207056689715,4.881665834113201,1.5771356634929514
72808.09538435936,4.6875e-06,9.580861606532041,20.886914200690637,5.490578806781248,1.5870369233726334
72913.81882333755,4.6875e-06,9.577221036780568,20.573906560758555,4.671430060014257,1.5806686988891219
73019.47310590744,4.6875e-06,9.637622148323016,20.719042151517996,4.877415381273253,1.5862948526061613
73125.24174070358,4.6875e-06,9.579119358011758,20.715841949550953,4.925159073767956,1.5761687199542254
73230.83616232872,4.6875e-06,9.622706195404705,20.703723082802913,4.668549871407536,1.5793674068353978
73336.4537127018,4.6875e-06,9.568616933348876,20.92370014344192,4.997946340036132,1.5785532648716432
73442.10074925423,4.6875e-06,9.631690512682871,20.80703770247943,5.377992194421758,1.5811006355341404
73547.70719623566,4.6875e-06,9.580355011983979,20.78499665401827,4.983182070130774,1.5833541810112897
73653.49114179611,4.6875e-06,9.62833223562778,20.847136777958262,4.746873437847277,1.581899601016877
73759.40956377983,2.34375e-06,9.42855867390963,20.63166329835528,4.941412288698477,1.5750456871233953
73865.18434619904,2.34375e-06,9.419460392869324,20.63353015821577,4.900087372920333,1.5763736618047317
73970.98348641396,2.34375e-06,9.428674403424516,20.688032909670884,4.953266131905774,1.5786620847401447
74076.6727130413,2.34375e-06,9.550040137133106,20.579601446715568,4.756480659252949,1.5775053571255568
74182.357827425,2.34375e-06,9.441710397538058,20.68418831769542,4.71869111451337,1.5807675305613107
74288.24220728874,2.34375e-06,9.418780448362911,20.541051763811957,4.867618215892432,1.5777088345547894
74393.98910355568,2.34375e-06,9.414135834665654,20.553992244483464,4.67171570739984,1.5741684160406928
74499.59835958481,2.34375e-06,9.428415714433024,20.58850747587172,4.688594835954817,1.5784865828367407
74605.37374734879,2.34375e-06,9.45351765484554,20.607707022811194,4.6982670529039225,1.5752086276968305
74711.0511636734,2.34375e-06,9.420524976810652,20.57194238498625,4.58049666835104,1.5721868002262152
74816.85902571678,2.34375e-06,9.447758060331253,20.747571120063974,5.49772664558488,1.5737296732974304
74922.66123747826,2.34375e-06,9.373161659604007,20.60530194439746,4.746553163833202,1.571209782297962
75028.47947478294,2.34375e-06,9.393050283226783,20.635073318776072,4.963873642455389,1.5768814897763417
75134.10002827644,2.34375e-06,9.359849740413123,20.576236027951158,4.822638344411635,1.5779247514347707
75239.77113485336,2.34375e-06,9.382150357219418,20.594131414808068,4.9258103433848355,1.5702730924335961
75345.42381811142,2.34375e-06,9.37861707030492,20.660093388962274,4.755805294307432,1.5715364243625587
75451.10526490211,2.34375e-06,9.409706503225875,20.601393328248033,4.99711583019325,1.5693310231917224
75556.68995475769,2.34375e-06,9.386067644315988,20.588602132438673,4.940047733131462,1.5748099499770616
75662.28008151054,2.34375e-06,9.379114921758477,20.632258990753435,4.879298468074665,1.5769477137928778
75767.86206531525,2.34375e-06,9.377724150183685,20.558507738151985,4.665856629726205,1.5741787367787725
75873.61640071869,2.34375e-06,9.406760145014447,20.62923243375844,4.891694432390173,1.576881784761466
75979.38779830933,2.34375e-06,9.363899558868884,20.67619991827258,4.935468948732942,1.5770347040426966
76085.25842285156,2.34375e-06,9.419972291102146,20.708600123464787,5.141594697234227,1.5759465544259377
76190.99076795578,2.34375e-06,9.37120656591132,20.643036313288572,4.6964298673467715,1.578059874191498
76296.8239827156,2.34375e-06,9.445761124098267,20.678107034496687,4.96147127515714,1.5899553461821556
76402.550822258,2.34375e-06,9.456446978848824,20.576330780824463,4.773052721030993,1.5836511714589703
76508.29049825668,2.34375e-06,9.416299495327364,20.556167717421378,4.8265888127886685,1.5780435174821918
76614.01820540428,2.34375e-06,9.411691697304008,20.557830500137985,4.659762509614345,1.5787730233213155
76719.8248269558,2.34375e-06,9.427980393231062,20.572014702945786,4.796132923937922,1.5809729898588938
76825.63814139366,2.34375e-06,9.380838430759024,20.6947885316565,4.925607602482927,1.5786943379819627
76931.45657539368,2.34375e-06,9.358451605692927,20.53207804375829,4.674586369669818,1.5745360401727815
77037.22725224495,2.34375e-06,9.315712083020703,20.55575938630442,4.571977774426051,1.5768752726410804
77143.06946539879,2.34375e-06,9.31901125781492,20.56202342005893,4.8014303640007325,1.5768223659798026
77248.8782017231,2.34375e-06,9.379024792843499,20.571400711356787,4.853851238081257,1.5745747917210475
77354.63101673126,2.34375e-06,9.367419874676088,20.552670382447,4.639266441505771,1.5749978162179292
77460.22731304169,2.34375e-06,9.376670469125573,20.639842334783683,4.642809715479125,1.5738394958275645
77565.80897498131,2.34375e-06,9.337971218658943,20.585015041661485,4.989693089378874,1.5722072775179714
77671.3587641716,2.34375e-06,9.348525174345516,20.64111566994151,5.277137527406355,1.5735355483355937
77777.06755685806,2.34375e-06,9.336585695479595,20.56790536846282,4.689700259701498,1.5766245729858652
77882.66481685638,2.34375e-06,9.323946366413157,20.593970197388437,4.811114646453738,1.5759520093484165
77988.134496212,2.34375e-06,9.417441550170055,20.696129981478656,4.816186665559503,1.5904678186585757
78093.7222006321,2.34375e-06,9.376254880632795,20.71439464374132,5.169464815991611,1.5848183376617926
78199.32497620583,2.34375e-06,9.342398132399426,20.66384807733659,4.637140296347329,1.5819341052110372
78305.06084442139,2.34375e-06,9.345347329911105,20.827569624725204,5.57037456093221,1.5817411374542594
78410.77174568176,2.34375e-06,9.316810370925594,20.578847631125363,4.626071989396913,1.5800730246352512
78516.43489551544,2.34375e-06,9.355951294545262,20.584275965488665,4.750120396365064,1.5756611764633914
78622.06226277351,2.34375e-06,9.353317217403012,20.627497970088285,4.7431032800711606,1.5773932276678544
78727.68664479256,2.34375e-06,9.341492687521917,20.5684129344013,4.783417351619397,1.5786669472461565
78833.40364551544,2.34375e-06,9.352139790888272,20.593593314536665,4.87716330798083,1.5769246518558508
78938.97281098366,2.34375e-06,9.3526907007528,20.57692006128925,4.700978627728933,1.5752742102286423
79044.6300239563,2.34375e-06,9.358055136840576,20.615414967289922,4.598238049311649,1.577534447119575
79150.27822446823,1.171875e-06,9.270257277753204,20.597473087629698,4.692344180885368,1.57686194190357
79255.99181437492,1.171875e-06,9.279294035009299,20.577254774115374,4.72738157764414,1.5751494997273312
79361.79659748077,1.171875e-06,9.284694275311091,20.525843824541518,4.752617646452977,1.5761498406184724
79467.56101608276,1.171875e-06,9.267192944462726,20.57271765611713,4.612764374873458,1.576792587591231
79573.26257658005,1.171875e-06,9.269090893699321,20.482286767136426,4.681953100143516,1.571763232525019
79678.99470114708,1.171875e-06,9.266421244972452,20.497986139001835,4.639151667582273,1.573893489473052
79784.64237475395,1.171875e-06,9.264816080867964,20.531014447084466,4.864576305529147,1.5739305434898485
79890.33813405037,1.171875e-06,9.253152606322097,20.518027489312207,4.791046389359008,1.5725648746020482
79995.97470140457,1.171875e-06,9.255107678663865,20.55972998858638,4.6304545800200865,1.5723499621104415
80101.54500508308,1.171875e-06,9.283838830617734,20.56192873570222,4.9576398443636815,1.5744533663467561
80207.07654738426,1.171875e-06,9.249129178662638,20.55289381539956,4.582022083428161,1.5743546515174556
80312.73499751091,1.171875e-06,9.249973879436205,20.519632727657278,4.606322466165687,1.5746517660027837
80418.33685731888,1.171875e-06,9.257547304820951,20.54810763539919,4.77258160740532,1.5751754565476426
80524.026106596,1.171875e-06,9.244912013574176,20.64378963329028,5.211241929492074,1.5757565216992002
80629.5938847065,1.171875e-06,9.254795891321377,20.550854400667465,4.700446068636626,1.5755180000371871
80735.13832449913,1.171875e-06,9.25213438929734,20.506142137762033,4.662770643702542,1.5733649496605382
80840.71035981178,1.171875e-06,9.282091614291302,20.555165782967535,4.8370508950665325,1.5746649591764992
80946.4752805233,1.171875e-06,9.289790521780189,20.568010386143943,4.7741369870335255,1.5741374854833936
81052.22129416466,1.171875e-06,9.246380489741966,20.59865968524912,5.134927379462464,1.572446431599312
81158.04473900795,1.171875e-06,9.249152701053463,20.540073031471533,4.6091709716749305,1.5721077857985797
81263.92418313026,1.171875e-06,9.269842061998585,20.5379708865429,4.682709742224226,1.5717253023304554
81369.7476913929,1.171875e-06,9.288638087789103,20.53077178332318,4.646488183750738,1.5728116293708312
81475.5291223526,1.171875e-06,9.245176559196706,20.61120796969855,4.656898899925749,1.5718529800943277
81581.31281661987,1.171875e-06,9.225228191298402,20.59772026057587,4.838368800126847,1.5740719573439608
81686.98260235786,1.171875e-06,9.248169205135108,20.593438750146777,4.895857144219747,1.5746926872026135
81792.77778959274,1.171875e-06,9.277334255427554,20.611488371747694,4.607635376143065,1.5726685572686343
81898.61367082596,1.171875e-06,9.247701449127605,20.574430941658537,4.715916262691317,1.5738825715699643
82004.45276236534,1.171875e-06,9.238346754827434,20.57753391660052,4.570362483535255,1.5729558119121525
82110.24420022964,1.171875e-06,9.247051163807456,20.647984855403745,4.636724818431114,1.5742718723601565
82215.96728014946,1.171875e-06,9.249253579783636,20.668626353687202,5.145275324095253,1.5738820070691628
82321.7619395256,1.171875e-06,9.22703001896983,20.62724629222013,4.632489606540648,1.5718712080165889
82427.47679424286,1.171875e-06,9.260982639780552,20.6730383101267,4.77091369569441,1.5700275907040635
82533.2251970768,1.171875e-06,9.25209453913756,20.551312453460735,4.639805155253838,1.5715177782808967
82638.88326478004,1.171875e-06,9.237730880122482,20.586513474486242,4.6617771157601435,1.5737135532956998
82744.46988964081,1.171875e-06,9.258545532235061,20.66208048645474,4.654873459207203,1.5695795153509406
82850.17659330368,1.171875e-06,9.262933199855526,20.650378872873585,4.6406564601027025,1.5735353369535703
82955.90317082405,1.171875e-06,9.24221363543508,20.561346268503453,4.590537653244387,1.569879820136363
83061.60879445076,1.171875e-06,9.266388330036825,20.626623040234165,4.868189147925433,1.570007618052713
83167.33076167107,1.171875e-06,9.267038982252842,20.60357059778026,4.603271838193375,1.571214896908334
83272.98053956032,1.171875e-06,9.239166802355111,20.75724196477864,5.340618609267106,1.5735538060441576
83378.55594968796,1.171875e-06,9.27584714394525,20.557953295655224,4.583890095782856,1.5724206716276108
83484.12126135826,1.171875e-06,9.279876451923577,20.609527870334386,4.591877869675146,1.573865474088258
83589.76063871384,1.171875e-06,9.223703987323832,20.609478610871882,4.7702193078080475,1.573799405334624
83695.56306099892,1.171875e-06,9.288459477432058,20.563242524463487,4.63295222852533,1.5696749139718622
83801.24810695648,1.171875e-06,9.228329034232965,20.637268966322225,4.597881721502529,1.5722095041520276
83906.88321995735,1.171875e-06,9.210559285597908,20.606011343254586,4.607650825221001,1.5703742911815397
84012.81294608116,1.171875e-06,9.238660381960427,20.712755405815514,5.294563950548298,1.5715849086931883
84118.61905193329,1.171875e-06,9.2525679363549,20.637151813838937,4.890038104514451,1.5723678197903976
84224.39688944817,1.171875e-06,9.232984291097056,20.621233289911647,4.645323853704582,1.5706878439647423
84330.25634002686,1.171875e-06,9.226440138422744,20.704358692826432,4.684843195664724,1.5706101473291894
84436.03973698616,1.171875e-06,9.266552026565527,20.61857818184565,4.6836781520352915,1.5678318772763988
